{"cameraMode":{"drawMode":0,"name":"Shaded","section":"Shading Mode"},"sceneLighting":true,"audioPlay":false,"sceneViewState":{"m_AlwaysRefresh":false,"showFog":true,"showSkybox":true,"showFlares":true,"showImageEffects":true,"showParticleSystems":true,"showVisualEffectGraphs":true,"m_FxEnabled":true},"in2DMode":false,"pivot":{"x":-2.0712223052978517,"y":-15.249495506286621,"z":44.13505935668945},"rotation":{"x":-0.3235952854156494,"y":0.0023467624559998514,"z":0.000864136905875057,"w":-0.946551501750946},"size":93.70242309570313,"orthographic":false}